Nom abrégé;Tel. int.;C. P.;Ville;Téléphone 1;Téléphone 2;Fax;N° compte;Famille;Raison sociale;Type;Région                        ;Email;Représentant
;;;;;;;;;CHARMASSON; ;;;
* BF VINS;;30230;RODILHAN;;;;* BF VIN;;BF VINS; ;;;
*FRANCAISES DES VINS;;;;;;;*FRANCAI;;; ;;;
*JEANJEAN;;11300;LIMOUX;;;;*JEANJEA;;SARL FOULON & JEANJEAN; ;;;
*PASSERIEUX;;34501;BEZIERS CEDEX 1;;;;*PASSERI;;PASSERIEUX-VERGNES DIFFUSION; ;;;
.NOUS CORAIL;;30252;SOMMIERES CEDEX;04.66.80.00.09;;04.66.80.39.38;.NOUS CO;;SARL TRANSVINS; ;;;
.NOUS GALLARGUES;;30660;GALLARGUES LE MONTUEUX;;;;.NOUS GA;;Sarl TRANSVINS; ;;;
.NOUS MUDAISON;;34130;MUDAISON;04.67.70.31.22;04.67.88.05.38;04.67.88.02.23;.NOUS MU;;TRANSVINS S/E CEPAGE DE MEDITERRANEE; ;;cépage.medit@libertysurf.fr;
.NOUS S/E ESV;;84700;SORGUES;;;;.NOUS S/;;.NOUS S/E ESV; ;;;
.NOUS S/E SVE;;16130;GENSAC LA PALLUE;;;;.NOUS SVE;;TRANSVINS S/E SVE; ;;;
.NOUS SOMMIERES;;30250;SOMMIERES;;;;.NOUS SO;;Sarl TRANSVINS; ;;;
.NOUS VIC LE FESQ;;30260;VIC LE FESQ;04.66.01.20.59;;04.66.01.25.50;.NOUS VI;;SARL TRANSVINS; ;;;
.NOUS VIC LE FESQ S/E PREAU;;;;;;;.NOUS VI;;.NOUS VIC LE FESQ S/E PREAU; ;;;
ACKERMAN REMY;;49400;SAUMUR;02.41.53.03.31;;02.41.53.03.34;0REMY PANNIER;;SA ACKERMAN; ;;;
ADVINI/JEANJEAN;;34500;ASPIRAN;;;;0ADVINI/JEANJEAN;;JEANJEAN S.A; ;;;
AGENCE ET LOGISTIQUE;;33570;PUISSEGUIN;05.57.74.50.94;;05.57.74.60.79;0AGENCE ET LOGISTIQUE;;AGENCE ET LOGISTIQUE; ;;;
ALIGNAN DU VENT;;34290;ALIGNAN DU VENT;;;;ALIGNAN;;LES CELLIERS DU VENT; ;;;
ALZAS;;07200;AUBENAS;;;;ALZAS;;ALZAS MARC; ;;;
AMIEL;;11800;TREBES;04 68 78 62 97;;04 68 78 64 36;AMIEL;;SA ETS AMIEL; ;;namiel@maisonamiel.fr;
AMIEL1;;11890;CARCASSONNE CEDEX 9;;;;AMIEL1;;SAS AMIEL; ;;;
AMITIE;;06730;ST ANDRE DE LA ROCHE;04.93.54.29.29;;04.93.54.29.69;AMITIE;;CELLIER DE L'AMITIE; ;;;
ANDRE;T1;30200;BAGNOL S/ CEZE;04.66.39.83.06;;04 66 39 83 06;ANDRE;;LES VINS DU SOLEIL; ;;;
ANDRE SETE;;34200;SETE;;;;ANDRE SE;;LES VINS DU SOLEIL; ;;;
ANDREOLTTI;;30800;ST GILLES;0466873077;;;ANDREOLT;;CHATEAU LA BAUME; ;;;
ARNAUD;T1;23230;BORD ST GEORGES;05.55.65.71.09;;;;;Monsieur Arnaud; ;;;
ARNOUX ET FILS;;84190;VACQUEYRAS;04.90.65.84.18;;04.90.65.80.07;ARNOUX E;;ARNOUX ET FILS; ;;;
AROMES;;11200;THEZAN DES CORBIERES;06.13.82.72.50;04.68.43.32.34;;AROMES;;SARL AROMES DE SAINT ESTEVE; ;;;
ASSAS;;34400;LUNEL VIEL;04.67.65.93.55;06.77.73.51.71;;ASSAS;;LES CELLIERS DU PIC; ;;brdanieluzzi@wanadoo.fr;
AUBERT;;49270;LA VARENNE;02.40.98.50.02;;02.40.98.50.44;AUBERT;;AUBERT FRERES; ;;jj.tomat@prieure.fr;
AUJOUX;;71570;LA CHAPELLE DE GUINCHAY;03.85.23.83.50;;;AUJOUX;;AUJOUX; ;;;
AUJOUX 1;;71570;CHANES;;;;AUJOUX 1;;AUJOUX S/E SOBEMAB; ;;;
AUX  10  VINS;T2;89100;ST CLEMENT;03 86 95 06 27;;03.86.95.06.27;;;AUX DIX  VINS; ;;;
AVIGNON (TERRES);;84310;MORIERES LES AVIGNON;04.90.33.55.20;04.90.33.55.21;;AVIGNON;;SCEA TERRES D AVIGNON; ;;;
BADET CLEMENT;;21700;NUITS SAINT GEORGES;03.80.61.46.31;;03.80.61.42.19;BADET;;BADET CLEMENT ET CO; ;;catherine@badetclement.com;
BADET1;;11800;MARSEILLETTE;;;;BADET1;;BADET CLEMENT; ;;;
BANCHEREAU;;16120;ERAVILLE;;;;BANCHERE;;STE BANCHEREAU; ;;;
BARBUSSE-BONVENTRE;T2;71300;MONTCEAU LES MINES;03 85 58 45 49;;03 85 58 72 80;;;ETS BARBUSSE-BONVENTRE; ;;;
BAUMANN;;78224;SINGEN;;;;BAUMANN;;BAUMANN GMBH ET CO KG; ;;;
BAUNE;;45130;EPIEDS EN BEAUCE;02 38 74 20 05;;02.38.74.66.70;0BAUNE;;BAUNE Philippe; ;;baune.boissons@orange.fr;
BAYEUX BOUBEE;;14400;BAYEUX;02.31.51.42.00;;02.31.92.18.87;BAYEUX;;BAYEUX MAISON J. BOUBEE; ;;;
BAZIN;;44850;LE CELLIER;02.40.25.49.89;;;BAZIN;;BAZIN ET FILS; ;;;
BEAUME DE VENISE;;84190;BEAUME DE VENISE;04.90.12.41.14;06.85.57.60.08;04.90.12.41.21;BEAUME D;;VIGNERONS DE BALMA VENITIA; ;;;
BERNARD MAGREZ;;66720;MONTNER;04.68.80.24.81;;;BERNARD;;SA BERNARD MAGREZ; ;;;
BERTHETE;;84850;CAMARET SUR AYGUES;04.90.37.22.41;;04.90.37.74.55;BERTHETE;;DOMAINE DE LA BERTHETE; ;;la.berthete@wanadoo.fr;
BERTRAND DE TAVERNY;;33430;SAINT GERVAIS;;;;OBERTRAND DE TAVERNY;;BERTRAND DE TAVERNY; ;;;
BESOMBES;;49400;SAINT HILAIRE SAINT FLORENT;02.41.50.23.23;;02.41.50.30.45;BESOMBES;;ETS BESOMBES; ;;;
BESSIERE;;34140;MEZE;04.67.18.40.40;;04 67 43 77 03;BESSIERE;;ALLIANCE TERROIRS; ;;bessiere@bessiere.fr;
BF;;;;;;;BF;;BF; ;;;
BIECHER;;68590;SAINT HIPPOLYTE;03.89.73.00.14;;03.89.73.03.17;BIECHER;;*ETS BIECHER JEAN ET FILS; ;;info@vins-biecher.com;
BINDERER;;D55411;BINGHEN AM RHEIN;00.49.89.314.003.48;;00.49.89.314.003.71;BINDERER;;BINDERER ST URSULA WEINKELLEREI GMBH; ;;;
BINGEN;;55411;BINGEN AM RHEIN;;;;BINGEN;;BSU BINGEN/BINDERER ST URSULA; ;;;
BIRON 1;;34203;SETE;;;;BIRON 1;;SA BIRON S/E LES GRANDES SERRES; ;;;
BIRON SA;;34203;SETE;04.67.74.88.80;06.80.42.13.46;04.67.48.39.55;BIRON SA;;LACROIX SE/BIRON; ;;;
BIZANET;;11200;BIZANET;06.26.23.18.20;;04.68.33.79.19;BIZANET;;SPH GERARD BERTRAND; ;;;
BLAYE;;33390;BLAYE;;;;BLAYE;;A ET L CHEZ VINI SERVICE; ;;;
BLIN;T2;89520;ST SAUVEUR EN PUISAYE;03.86.45.54.62;;03.86.45.54.62;;;Mme Blin; ;;;
BODEGAS VINIVAL;;46370;CHIVA;34963568750;;;BODEGAS;;BODEGAS VINIVAL SL; ;;;
BOISSET;T1;21703;NUITS ST GEORGES;03.80.62.61.00;;03.80.62.61.03;;;J.C BOISSET; ;;;
BONFILS;;34310;CAPESTANG;04.67.93.10.10;;04.67.93.10.05;BONFILS;;SARL DOMAINES BONFILS; ;;;
BONFILS1;;84110;SABLET;04.90.46.93.30;;04.90.46.99.46;BONFILS1;;EARL BONFILS CHRISTIAN; ;;;
BONLOUIS;;30900;NIMES;04.66.68.91.11;04.66.68.91.12;04.66.62.38.07;BONLOUIS;;S.A.S.U BONLOUIS; ;;;
BORDELAISE D'EMBOUTEILLAGE SAS;;33270;BOULIAC;05.56.86.65.21;;05.56.86.77.72;BORDELAI;;SBE-BORDELAISE D'EMBOUTEILLAGE SAS; ;;;
BORDIER;T2;89190;MOLINONS;03.86.86.73.94;;03.86.86.81.42;;;S.A.R.L BORDIER J.L; ;;;
BOUACHON SASU;;34204;SETE CEDEX;04.90.39.78.05;;04.90.39.78.10;BOUACHON;;*LES VINS SKALLI SAS; ;;COMPTASETE04.67.46.71.67ANNEMARIETOUSTOU;
BOUBEE 1;;30942;NIMES CEDEX 9;04.66.01.77.77;;04.66.23.78.14;BAYEUX;;NIMES MAISON J. BOUBEE VRAC; ;;;
BOUBEE 2;;44330;LA CHAPELLE HEULIN;02.40.06.73.83;;;BOUBEE 2;;MAISON J.BOUBEE LA CHAPELLE HEULIN; ;;;
BOUBEE 3;;49700;DOUE LA FONTAINE;02.41.40.24.50;;;BOUBEE 3;;PRODIS DOUE LA FONTAINE; ;;;
BOUBEE BEYCHAC;;33750;BEYCHAC ET CAILLAU;05.56.72.54.69;;05.56.72.34.99;BAYEUX;;BEYCHAC MAISON J.BOUBEE; ;;;
BOUBEE JOHANES;;33006;BORDEAUX CEDEX;05.56.48.87.87;;05.56.48.87.88;BAYEUX;;MAISON JOHANES BOUBEE; ;;;
BOUEY;;33440;AMBARES ET GRAVE;0556775071;;;BOUEY;;MAISON BOUEY; ;;;
BOUGRIER;T1;41400;ST GEORGES S/ CHER;02.54.32.31.36;;02.54.71.09.61;;;Maison Bougrier; ;;st.georges@bougrier.fr;
BOUGRIER 1;;41400;ST GEORGES S/CHER;;;;BOUGRIER;;SA BOUGRIER S/E CHEZ LES CAVES; ;;;
BOURGEOIS VINS;;1338;BAILLAGUES;41 21 843 9383;;41 21 843 9384;BOURGEOI;;BOURGEOIS VINS SA; ;;;
BOURRE ET FILS;;49410;LA CHAPELLE SAINT FLORENT;02.41.72.13.20;;02.41.72.76.40;BOURRE E;;ETS BOURRE ET FILS; ;;;
BOURRY;;30740;LE CAILAR;04.66.88.69.60;;04.66.88.69.61;BOURRY;;SARL LE GRAND BOURRY; ;;domainedupereguillot@orange.fr;
BOURRY 1;;69910;VILLIE-MORGON;04.74.69.14.02;06.08.21.20.84;04.74.69.10.81;BOURRY 1;;SARL DU GRAND BOURRY; ;;domainedupereguillot@orange.fr;
BROTTE;;84231;CHATEAUNEUF DU PAPE;04.90.83.70.07;;04.90.83.74.34;BROTTE;;BROTTE SA; ;;SIRET : 70592022100011;
BRUNEL ROBERT;;84550;MORNAS;;;;BRUNEL R;;BRUNEL ROBERT SAS; ;;;
C.S.P;;34400;ST CHRISTOL;04.67.86.85.55;06.81.90.54.47;;C.S.P;;SARL C.S.P; ;;;
C.V.B;;71150;CHAGNY;03.85.87.51.40;;03.85.87.51.11;C.V.B;;COMPAGNIE VINICOLE DE BOURGOGNE; ;;;
CALINI;;KS66223;;8167791000 272;;;CALINI;;KENEFAKE ET CALINI GROUP LLC; ;;;
CALVISSON COOP;;30420;CALVISSON;;;;CALVISSO;;S.C.A LES VIGNERONS DE CALVISSON; ;;;
CANTAL VINS;T1;15130;ARPAJON S/ CERE;04.71.63.45.65;06.32.25.32.22;04.71.63.50.32;;;Ets Cantal Vins; ;;;
CARCASSONNE;;11880;CARCASSONNE;;;01.68.11.51.75;UCCOAR;;GROUPE UCCOAR; ;;;
CARLIER MATHIEU;;84350;COURTHEZON;04.90.65.87.63;;04.90.65.81.87;CARLIER;;S.P.V.O MATHIEU CARLIER; ;;info@mathieucarlier.com;
CASTEL;T1;34536;BEZIERS CEDEX;04 67 11 88 00;;04 67 11 87 97;;;ETS CASTEL FRERES; ;;;
CASTEL 1;;62503;SAINT MARTIN AU LAERT;03.21.38.68.09;;03.21.38.68.54;CASTEL 1;;ETS CASTEL FRERES ST OMER; ;;achatvin@caves-st-arnould.fr;
CASTEL 2;;34500;BEZIERS;;;;CASTEL 2;;Ets CASTEL; ;;;
CASTEL 3;;44330;LA CHAPELLE HEULIN;02.40.06.73.83;;02.40.06.76.49;CASTEL 3;;CASTEL FRERES; ;;;
CASTEL 4;;33295;BANQUEFORT;;;;CASTEL 4;;ETS CASTEL FRERES BLANQUEFORT; ;;;
CASTEL BRISSAC;;49320;BRISSAC QUINCE;02.41.91.50.00;;02.41.54.25.40;CASTEL B;;ETS CASTEL FRERES; ;;;
CASTEL ST PRIEST;;69800;ST PRIEST;04.72.23.36.36;;04.72.23.36.01;CASTEL S;;CASTEL; ;;;
CASTILLON DU GARD;;30210;CASTILLON DU GARD;04.66.37.49.50;;04.66.37.49.51;CASTILLO;;*COMPAGNIE RHODANIENNE; ;;cecile.fesquet@rhodanienne.com;
CAVE DE L'ORZON;;69590;ST SYMPHORIEN SUR COISE;04.78.48.42.30;;04.78.48.42.30;CAVE DE;;La Cave de l'Orzon; ;;;
CAVE LES COTEAUX;;34160;ST GENIES DES MOURGUES;04.67.86.21.99;;04.67.86.22.65;;;Cave les Coteaux; ;;;
CAVE STE CECILE;;84290;STE CECILE LES VIGNES;;;;CAVE STE;;Cave des vignerons reunis; ;;;
CAVEAUX;;34310;QUARANTE;04.67.89.40.39;;04.67.89.34.10;CAVEAUX;;EURL CAVEAUX; ;;;
CAVES DU PIC;;34820;ASSAS;;;;ASSAS;;CAVES DU PIC SAS; ;;;
CAVES DU SIEUR D ARQUES;;11303;LIMOUX;04 68 74 63 00;;04.68.74.63.16;ARQUES;;SAS SIEUR D'ARQUES; ;;;
CAVES MAYETOISES;T1;03250;LE MAYET DE MONTAGNE;04.70.59.70.17;;04.70.59.72.29;;;CAVES MAYETOISES; ;;;
CAVES MAYETOISES RENAISON;T1;42370;RENAISON;;;;RIEN;;CAVES MAYETOISES/CHAI DE RENAISON; ;;;
CAVES ST ARNOULD;;62503;ST OMER;;;;ST ARNOULD;;CAVE ST ARNOULD; ;;;
CDV S/E ALIGNAN DU VENT CEPAGE;;34420;NEFFIES;06.31.99.50.98;;;CDV S/E;;SPH GERARD BERTRAND; ;;;
CEBAZAN;;34360;CEBAZAN;04.67.38.01.74;;04.67.38.16.11;CEBAZAN;;UNION CAVES COOPERATIVES CEBAZAN; ;;;
CELLE ET ALLARD;T1;43500;ST GEORGES LAGRICOL;04.71.03.32.57;;;;;Ets Celle & Allard; ;;;
CELLIER DES PRADEAUX;;83270;ST CYR SUR MER;04 94 26 10 39;06.60.32.15.69;04 94 26 40 16;PRADEAUX;;CELLIER DES PRADEAUX; ;;;
CELLIERS DES DEMOISELLES;;11220;ST LAURENT DE LA CABRERISSE;04.68.44.02.73;;04.68.44.07.05;DES DEMOISELLES;;SCV CELLIERS DES DEMOISELLES; ;;;
CEPAGES PROVENCAUX;T2;76000;LE HAVRE;02 35 22 59 20;;;CEPAGES;;LES CEPAGES PROVENCAUX; ;;;
CERESTER ITALIE;;56020;S.MINIATO (PISA);00390571465048;;00390571465059;CERESTER;;CERESTER SRL; ;;;
CESSENON;;34460;CESSENON;;;;CESSENON;;SCAV DE CESSENON; ;;;
CHACE;;49400;CHACE;;;;CHACE;;ACKERMAN REMY PANIER; ;;;
CHAI/ENT DE TOURAINE;T1;37150;LA CROIX EN TOURAINE;02.47.57.94.09;;02 47 57 94 64;;;CHAIS ET ENTREPOTS DE TOURAINE; ;;;
CHAIS BEAUCAIROIS;;30302;BEAUCAIRE CEDEX;04.66.59.74.00;04.66.59.74.25;04.66.59.74.85;CHAIS BE;;SAS MONCIGALE; ;;04.66.59.74.27FAX;
CHAIS DE FRANCE;;67290;PETERSBACH;05.57.98.07.20;;05.56.62.45.38;CHAIS DE;;GRANDS CHAIS DE FRANCE; ;;;
CHARMASSON;;;;;;;CHARMASS;;; ;;;
CHAROUSSET;;84500;BOLLENE;04 90 30 21 36;;04 90 30 23 01;CHAROUSS;;CHAROUSSET / CORBET; ;;;
CHARTREUX;;30131;PUJAUT;04.90.26.39.40;;;CHARTREU;;SCA CELLIER DES CHARTREUX; ;;;
CHENGDU SUN-PLUS;;610000;P.R CHINA;13668281530;;;CHENGDU;;CHENGDU SUN-PLUS TRADE CO ITD; ;;;
CHERRY BARRUOL;;84190;GIGONDAS;04.90.65.80.80;;04.90.65.81.05;CHERRY B;;SARL LOUIS ET CHERRY BARRUOL; ;;;
CIAMPOLI;;66026;ORTONA;;;;CIAMPOLI;;CIAMPOLI TOMMASO; ;;;
CIGALUS;;11200;BIZANET;;;;CIGALUS;;DOMAINE CIGALUS; ;;;
CLARET COOP;;34270;CLARET;04.67.59.00.26;;;CLARET C;;CAVE COOPERATIVE CLARET; ;;;
CLERGET PATRICK;;21209;BEAUNE CEDEX;03.80.26.53.73;;03.80.26.53.76;CLERGET;;SELECTION PATRICK CLERGET; ;;;
CLOS ROGE;;30350;SAVIGNARGUES;04.66.83.42.83;;04.66.83.44.46;CLOS ROG;;SARL CLOS ROGE; ;;;
CLUB DES VIGNERONS;;34300;AGDE;04.67.94.48.73;06.71.57.12.03;04.67.94.36.33;CLUB DES;;LE CLUB DES VIGNERONS; ;;;
CODIVIA;;30380;ST CHRISTOL LES ALES;04.66.61.79.59;;04.66.61.69.89;CODIVIA;;AGENCE CLVD; ;;codivia@fr.oleane.com;
COLLANGE;T1;63380;LANDOGNE;04.73.79.97.84;;;;;CAVE DES BOUCHONS; ;;;
COLLANGE 1;;15130;ARPAJON / CERE;;;;COLLANGE;;CAVE DES BOUCHONS S/E CANTAL VINS; ;;;
COMAVIN;T1;21201;BEAUNE;03.80.24.53.67;;03.80.24.53.03;;;COMAVIN; ;;;
COMPAGNIE DES VINS B;;34500;BEZIERS;04.67.11.86.86;;04.67.11.86.81;COMPAGNI;;COMPAGNIE DES VINS B; ;;;
COMVIN GMBH;;D-76530;BADEN BADEN;0049(0)7221-3657-0;;00049(0)7221-22 300;COMVIN G;;COMVIN GMBH; ;;mail@comvin.de;
CONRAADS;;58B4040;HERSTAL;32475230785;;;CONRAADS;;MR CONRAADS NOEL; ;;;
CORBET;T1;21220;MOREY ST DENIS;03 80 51 81 34;;03 80 34 11 61;;;CORBET SA; ;;;
CORBET BOLLENE;T1;84500;BOLLENE;04 90 30 21 36;;;;;CORBET BOLLENE; ;;;
CORCONNE;;30260;CORCONNE;04.66.77.32.75;;;CORCONNE;;CAVE COOPERATIVE DE CORCONNE; ;;;
COTTIN;T2;71160;DIGOIN;03.85.53 06.06;;03.85.53.28.48;;;Ets Cottin; ;;;
COURNONSEC;;34600;COURNONSEC;04.67.68.67.50;;04.67.68.67.57;COURNONS;;TVD/COURNONSEC; ;;;
COVIBI;;;;;;;COVIBI;;COVIBI; ;;;
COXE ET FILS;;41700;COUDDES;02.54.71.33.33;;02.54.71.39.06;COXE ET;;COXE ET FILS SA; ;;COXE.SA@wanadoo.fr;
CREATEK INC.;;;SEOUL;;;;CREATEK;;CREATEK INC.; ;;;
CROIX COUVERTE;;30300;BEAUCAIRE;;;;CROIX CO;;SAS LA CROIX COUVERTE; ;;;
CROUZET;;;;;;;CROUZET;;CROUZET; ;;;
CVS;;11590;SALLELES D'AUDE;04.68.58.11.15;06.73.38.80.67;;CVS;;SICA LES CAVES DE MONT TAUCH S/E CVS; ;;;
DAMIANO;;83000;DRAGUIGNAN;04.94.68.16.17;;04.94.47.22.88;DAMIANO;;SARL DAMIANO; ;;;
DAUMAS-GASSAC;;34150;ANIANE;;;;;;Domaine de DAUMAS GASSAC; ;;;
DAUPHINS;;26790;TULETTE;04.75.96.20.00;;04.75.97.33.42;DAUPHINS;;CELLIERS DES DAUPHINS; ;;;
DE ROCHEBIN;;71260;AZE;;;;DE ROCHE;;SARL DE ROCHEBIN; ;;;
DEGROOTE;;34440;NISSAN LEZ ENSERUNE;04.67.37.22.36;04.67.37.65.90;;DEGROOTE;;LES DOMAINES MONTARIOL DEGROOTE; ;;domainelanguedocie@wanadoo.fr;
DEGROOTE 2;;11610;PENNAUTIER;;;;DEGROOTE;;LES DOMAINES DE MONTARIOL DRGROOTE; ;;;
DELAIR;T1;15500;LA CHAPELLE LAURENT;04.71.73.13.59;;;;;Ets Delair; ;;;
DELAS FRERES;;07300;ST JEAN DE MUZOLS;04.75.08.60.30;;04.75.08.53.67;DELAS FR;;*DELAS FRERES; ;;;
DELHAIZE 1;;BE1080;BRUXELLES;;;;DELHAIZE;;DELHAIZE IC WINERY; ;;;
DELHAIZE-LE LION;;1080;BRUXELLES;0032 24 122 111;;0032 24 122 194;DELHAIZE;;DELHAIZE BELGIQUE; ;;;
DESBORDES;T1+2;63410;MANZAT;04.73.86.61.54;;;;;Ets Desbordes; ;;;
DESBORDES S/E CANTAL VINS;T1+2;15130;ARPAJON S/ CERE;;;;DESBORDE;;ETS DESBORDES; ;;;
DESCOMBES;T1;69460;ST ETIENNE DES OULLIERES;04.74.03.41.73;;04.74.03.48.07;;;VINS DESCOMBE SAS; ;;info@vins-descombe.com;
DEUTZ CHAMPAGNE;;51160;AY;03.26.56.94.00;;;DEUTZ CH;;*SA CHAMPAGNE DEUTZ/DELAS; ;;;
DEUX RHONES;;;;;;;DEUX RHO;;UNION; ;;;
DEZZANI SRL;T2+1;14023;COCCONATO AT;00390141907236;;00390141907372;;;FRATTELLI DEZZANI SRL; ;;luigi.dezzani@dezzani.it;
DIPROVIN;;33440;AMBARES ET LAGRAVES;05.56.38.80.00;;;DIPROVIN;;ETS GVG DIPROVIN; ;;;
DISTILLERIE DE LA TOUR;;17500;JONZAC;05.46.48.02.88;;05.46.48.49.78;DISTILLE;;DISTILLERIE DE LA TOUR; ;;s.dagnicourt@distilleriedelatour.com;
DISTILLERIE DE LA TOUR 1;;17800;PONS;05.46.91.31.44;;05.46.96.15.83;DISTILLE;;DISTILLERIE DE LA TOUR; ;;;
DISTRIBOISSONS;;75017;PARIS;;;;DISTRIBO;;DISTRIBOISSONS; ;;;
DMD SARL;;34500;BEZIERS;;;;DMD SARL;;SARL DMD; ;;;
DMNE AUBIAN;;11590;CUXAC D AUDE;04.68.48.52.81;;;DMNE AUB;;LES VIGNOBLES DU SOLEIL; ;;;
DMNES DU RHONE;;69400;LIMAS;04.37.24.24.50;;04.72.74.41.23;DMNES DU;;VIGNOBLES ET DOMAINES DU RHONE; ;;;
DOMAINES DU RHONE;;69009;LYON;04.72.74.41.23;;;DOMAINES;;VIGNOBLES ET DOMAINES DU RHONE; ;;c.lavesvre@vignobles-domaines-du-rhone.fr;
DOUDON VINS;;66002;PERPIGNAN CEDEX;04.68.54.10.00;;04.68.54.04.70;DOUDON V;;DOUDON VINS; ;;;
DRATHEN JOSEF;;D56856;ZELL/MOSEL;;;0049654270055;DRATHEN;;DRATHEN JOSEF GMBH et CO.KG; ;;;
DROMARD;;21550;LADOIX SERRIGNY;03.80.26.40.59;;;DROMARD;;DROMARD; ;;;
DRUART;T2;69790;ST IGNY DE VERS;04.74.04.50.60;;;;;Ets Druart; ;;;
DU DUPELOUX;;84350;COURTHEZON;;;;DU DUPEL;;F.G.V.S (SITE DU PELOUX); ;;;
DU PRIEURE;;49170;SAINT GEORGES SUR LOIRE;02.41.72.14.70;;02.41.72.14.76;DU PRIEU;;LES CELLIERS DU PRIEURE; ;;n.rubin@prieure.fr;
DU VENT;;34630;ST THIBERY;04.67.90.69.98;;04.67.90.38.25;DU VENT;;LES CELLIERS DU VENT; ;;;
DUBOEUF;T1;71570;ROMANECHE THORINS;03.85.35.34.20;;03.85.35.34.25;DUBOEUF;;VINS GEORGES  DUBOEUF; ;;;
DUFOULEUR FRERES;T1;21701;NUITS ST GEORGES;03.80.61.00.26;;03 80 61 36 33;;;Maison Dufouleur Frères; ;;jl.dufouleur@dufouleur-freres.com;
DUFOULEUR PERE / FILS;T1;21700;NUITS ST GEORGES;03.80.61.21.21;06.09.05.04.99;03.80.61.10.65;;;MAISON Dufouleur Père/Fils; ;;;
DUVERNAY;;84231;CHATEAUNEUF DU PAPE CEDEX;04.90.83.71.88;;04.90.83.70.72;DUVERNAY;;ETS DUVERNAY VINS MILLESIMES; ;;dvm.duvernay@wanadoo.fr;
EINIG;;D-56759;KAISERSESCH;;;;EINIG;;EINIG-ZENZEN; ;;;
ESV EURALIS;;84700;SORGUES;;;;ESV EURA;;VIGNOBLES ET DOMAINES DU RHONE; ;;;
EXPORT - UNION;;;ALZEY;;;;EXPORT -;;EXPORT - UNION; ;;;
EXPORTATION;;;;;;;EXPORTAT;;EXPORTATION HORS DE LA COMMUNAUTE; ;;;
F.G.V.S;;21703;NUITS ST GEORGES CEDEX;03.80.62.61.62;;;F.G.V.S;;La Famille Des Grands Vins et Spiritueux; ;;;
FAUGERES DISTRIBUTION;;34600;FAUGERES;04.67.95.08.80;;;FAUGERES;;SARL LES CRUS FAUGERES DISTRIBUTION; ;;;
FERRAGUT;;;;;;;FERRAGUT;;ETS FERRAGUT; ;;;
FERRANDIERES;;11160;RIEUX MINERVOIS;;;;FERRANDI;;SARL LES FERRANDIERES; ;;;
FIEE DES LOIS;;79230;PRAHECQ;05.49.32.15.15;;05.49.32.16.05;FIEE DES;;*FDL; ;;;
FONCALIEU;;11290;ARZENS;04 68 76 21 68;;04 68 76 33.01;FONCALIE;;LES VIGNOBLES FONCALIEU; ;;;
FONTANES CAVE COOP;;30250;FONTANES;;;;FONTANES;;FONTANES CAVE COOPERATIVE; ;;;
FORMONT;T1;10000;TROYES;03.25.81.14.34;;;;;SA Formont; ;;;
FOULON JEANJEAN;;11300;LIMOUX;;;;FOULON J;;FOULON JEANJEAN; ;;;
FOULON SOPAGLY;;71020;MACON;03.85.32.81.71;;03.85.32.89.70;FOULON S;;FGV BOISSET S/E CHEZ FOULON SOPAGLY; ;;;
FOURNALET;;84230;CHATEAUNEUF DU PAPE;;;;FOURNALE;;CAVES DU FOURNALET VICOMTE DE LIGNA; ;;;
FOURNIER;;34760;BOUJAN SUR LIBRON;04.67.30.45.91;06.80.08.10.53;;FOURNIER;;SARL DOMAINE FOURNIER; ;;TELDMNE09.65.23.72.09;
FRABEL DRINKS;;34350;VENDRES;06.88.53.69.56;;04 67 89 46 09;FRABEL D;;FRABEL DRINKS; ;;;
FRANCAISE DES VINS;;;;;;;FRANCAIS;;FRANCAISE DES VINS; ;;;
FRANCIOLLI;T1;74700;SALLANCHES;04.50.58.02.78;;;FRANCIOLLI;;Ets Franciolli; ;;;
FRANCIZOD;T1;74270;CHESSENAZ;04.50.32.23.25;06.16.18.02.85;;FRANCIZOD;;Sarl Ets Jean Luc Francisod; ;;;
FRENCH WINE;;30000;NIMES;04.66.21.15.07;06.23.38.53.87;;FRENCH W;;FRENCH WINE GROUP; ;;;
FRENCH-WINES;;;LATTES;;;;FRENCH-W;;FRENCH WINES GROUP; ;;;
FRERES CASTEL;;44300;LE PALLET;;;;FRERES C;;CASTEL FRERES; ;;;
FREUDENREICH;;D66333;VOLKLINGEN;;;;FREUDENR;;FREUDENREICH GMBH; ;;;
FRIEDMANN;;84290;STE CECILE LES VIGNES;;;;FRIEDMAN;;ETS FRIEDMANN; ;;;
FRIEDMANN STE CECILE;;84290;STE CECILE LES VIGNES;04.90.11.16.90;;04.90.34.70.47;FRIEDMAN;;ETS FRIEDMANN; ;;;
FRIEDRICH;;44403;REZE;;;;FRIEDRIC;;CASTEL FRERES SAS; ;;;
FROMONT;;89144;LIGNY LE CHATEL;03.86.98.20.40;;03.86.47.40.72;FROMONT;;SAS MAISON FROMONT; ;;accueil@chateau-de-ligny.com;
FROMONT 1;;84700;SORGUES;;;;FROMONT;;CLUB DES CHATEAUX ET DOMAINES SAS; ;;;
FRONTIGNAN;;34110;FRONTIGNAN;;;;FRONTIGN;;MUSCATS DE FRONTIGNAN; ;;;
FTV PROD;;69400;LIERGUES;0626980721;;0482531287;FTV PROD;;FTV PROD FREDERIC THIOLET VINS; ;;frederic@ftv-production.com;
FUTAILLES (MAISON DES );;H1N3M7;MONTREAL;;;;FUTAILLE;;MAISON DES FUTAILLES; ;;;
G.B.E.L;;11100;NARBONNE;04.68.42.68.68;;04.68.48.37.78;G.B.E.L;;SPH GERARD BERTRAND; ;;;
GALLICIAN ( CAVE );;30600;GALLICIAN;04 66 73 31 65;;;GALLICIA;;SCA GALLICIAN; ;;;
GARRIGUES;;26790;ROCHEGUDE;09.61.37.89.52;06.78.30.62.43;04.75.01.99.64;GARRIGUE;;SARL LES VINS DES GARRIGUES; ;;helene.goudet@domaine5sens.com;
GBH;;11100;NARBONNE;04.68.42.68.68;;04.68.48.37.78;GBH;;GBH; ;;;
GERARD BERTRAND;;11100;NARBONNE;04.68.45.36.00;;04.68.45.27.15;GERARD B;;SPH GERARD BERTRAND; ;;vins@gerard-bertrand.com;
GERARD1 B;;11100;NARBONNE;;;;GERARD1;;GERARD BERTRAND SPH; ;;;
GERMAINE;T2+1;10150;PONT STE MARIE;03.25.81.04.84;;;GERMAINE;;ETS GERMAINE; ;;;
GIGNAC;;34150;GIGNAC;;;;GIGNAC;;SCAV TOURS ET TERROIRS; ;;;
GILLES LOUVET;;11100;NARBONNE;04.68.90.12.80;;;GILLES L;;GILLES LOUVET; ;;;
GIORDANO;T1;12055;DIANO D'ALBA - CN;0039.01.73.23.91.11;;0039.01.73.23.92.09;GIORDANO;;GIORDANO VINI SPA; ;;giuditta.barale@giordano-vini.com;
GIRAUD;;33240;ST ANDRE DE CUBZAC;05.57.43.01.44;;05.57.43.99.89;GIRAUD;;ETS GIRAUD; ;;;
GMBH (EXPORT UNION);;78805;LANDAU/RFALZ;;;;GMBH (EX;;INTERTRAUBEN GMBH; ;;;
GNF;;NY 11580;VALLEY STREAM;1-516-596-6868;;;GNF;;GNF GROUP INC; ;;;
GOICHOT;T1;21190;MERCEUIL;03.80.25.91.30;;;GOICHOT;;Goichot Andre SA; ;;;
GOICHOT1;;21200;BEAUNE;03.80.25.91.30;;03.80.25.91.29;GOICHOT1;;MAISON ANDRE GOICHOT; ;;;
GRAND SUD;;30130;SAINT ALEXANDRE;0466390200;;;GRAND SU;;VIGNERONS DU GRAND SUD; ;;;
GRAND SUD VINS;;34201;SETE;0467466790;;;GRAND SU;;GRAND SUD VINS; ;;;
GRUMEL;T1;01700;ST MAURICE DE BEYNOST;04.78.55.15.27;;;;;Vins Henry Grumel; ;;;
GTS;;69220;ST JEAN D ARDIERES;;;;GTS;;GTS S/E SA GRANDS VINS SELECTION; ;;;
GUEMENE;;44290;GUEMENE PENFAO;02.40.51.05.42;;02.40.51.17.18;GUEMENE;;CAVE DE GUEMENE; ;;cave.guemene@wanadoo.fr;
GUIGAL;;69420;AMPUIS;04 74 56 10 22;;04.74.56.18.76;GUIGAL;;GUIGAL SA; ;;;
GVG;;33450;SAINT LOUBES;05.57.97.07.20;;;GVG;;GRANDS VINS DE GIRONDEI; ;;;
GVS;T1;69220;ST JEAN D ARDIERES;04.74.66.57.24;;04.74.66.57.25;;;*G.V.S; ;;;
GVS CHEZ OFFICE;;71960;PRISSE;;;;GVS CHEZ;;GVS; ;;;
GVS LOMAT;;30340;MONS;04 66 83 10 61;;;GVS LOMA;;GVS; ;;;
GVS S/E ALAINE;;69220;ST JEAN D'ARDIERES;;;;GVS S/E;;G.V.S; ;;;
HAMMEL;;1180;ROLLE SUISSE;;;;HAMMEL;;MAISON HAMMEL SA; ;;;
HEAUSER;;D86850;FISCHACH;0049.823.696.05.0;;0049.823.696.052.41;HEAUSER;;HAUSER WEIN IMPORT GMBH; ;;;
HONTAAS;;24680;LA MONZIE SAINT MARTIN;05.53.74.28.92;;05.53.22.53.13;HONTAAS;;VINS PIERRE DE HONTAAS SARL; ;;;
INDAGE UK LTD;;NN17 4JW;CORBY.NORTHAMTONSHIRE;0044 1536276070;;;INDAGE U;;INDAGE UK LTD; ;;;
INKERMAN;;99703;SEVASTOPOL;380692722282;;;INKERMAN;;INKERMAN VINTAGE WINE FACTORY; ;;philippe-bonnet@hotmail.fr;
INTER CAVES;;33126;FRONSAC;05.57.84.94.94;;;INTER CA;;INTER CAVES; ;;;
JABOULET;;26600;LA ROCHE DE GLUN;04.75.84.68.93;;04.75.84.56.14;JABOULET;;DOMAINE PAUL JABOULET AINE; ;;e.bernard@jaboulet.com;
JAMES HERRICK;;11100;NARBONNE;04.68.42.38.92;;;JAMES HE;;VIGNOBLES JAMES HERRICK; ;;;
JAMET CAVES;;84350;COURTHEZON;04.90.70.72.78;;04.90.70.29.61;JAMET CA;;SARL CAVES JAMET; ;;;
JB VINS;;69006;LYON;04.26.65.84.04;06.31.20.09.18;04.26.65.84.04;JB VINS;;SARL J.B VINS; ;;jbvins@numericable.fr;
JEAN D'ALIBERT;;11160;RIEUX MINERVOIS;;;;JEAN D'A;;LES CELLIERS JEAN D'ALIBERT; ;;;
JEANJEAN;T1;34725;ST FELIX DE LODEZ;04.67.88.80.00;;04.67.88.81.76;;;*SA JEANJEAN; ;;;
JEANJEAN1;;34800;ASPIRAN;;;;JEANJEAN;;JEANJEAN SA; ;;;
JMV;;11600;RIEUX MINERVOIS;04.68.78.37.48;06.07.98.71.99;04.68.78.37.48;JMV;;SARL JMV; ;;SIRET 432 883 130;
JUSTAMON;;84101;ORANGE CEDEX;04.90.34.12.28;;;JUSTAMON;;ETS JUSTAMON; ;;;
K B B;T1;21200;BEAUNE;03 80 25 00 80;;;;;K B B; ;;;
L'ESPAVIOTE;;43370;CUSSAC SUR LOIRE;04.71.03.99.87;06.16.79.26.11;04.71.03.65.42;L'ESPAVI;;SARL L'ESPAVIOTE; ;;;
L'OCCITANIE;;34600;FAUGERES;04.67.95.98.70;;04.67.95.98.71;L'OCCITA;;LES TERROIRS DE L'OCCITANIE SAS; ;;;
L'OUSTAL;;11303;LIMOUX;04.68.74.79.40;;04.68.74.79.49;L'OUSTAL;;"L'OUSTAL ""ANNE DE JOYEUSE"""; ;;;
LA BASTIDE;;81150;MARSSAC SUR TARN;;;;;;Cave Cooperative; ;;;
LA CHAPELLE BOUBEE;;59333;LA CHAPELLE D ARMANTIERE;03.20.44.06.30;03.20.77.66.21;;BAYEUX;;LA  CHAPELLE MAISON J. BOUBEE; ;;;
LA CHEVALIERE;;34500;BEZIERS;04.67.49.88.35;;04.67.49.88.59;LA CHEVA;;SA MAS LA CHEVALIERE; ;;MR GILLES GALTIER;
LA FIEE DES LOIS;;79232;PRAHECQ;05.49.32.15.15;;;LA FIEE;;LA FIEE DES LOIS; ;;;
LA FORET;;13200;ARLES;04 90 98 70 05;;04 90 98 74 97;;;S C A Du Domaine de la Forêt; ;;;
LA SUZIENNE;;26790;SUZE LA ROUSSSE;04.75.04.48.38;;04.75.04.48.39;LA SUZIE;;CAVEAU LA SUZIENNE; ;;contactcaveau@lasuzienne.com;
LA VAROISE;;83260;LA CRAU;;;;;;Dilstillerie LA VAROISE SCA; ;;;
LABOUBEE;;32440;CASTELNEAU D AUZAN;;;;;;Scea de Laboubée; ;;;
LACHETEAU;;67290;PETERSBACH;02.40.36.66.00;;02.40.36.26.83;LACHETEA;;LACHETEAU SAS; ;;;
LACHETEAU 1;;67290;PETERSBACH;02.40.36.66.00;;;LACHETEA;;LACHETEAU SAS; ;;;
LACHETEAU 2;;49230;TILLIERES;02.41.70.45.93;;02.41.70.43.74;LACHETEA;;LACHETEAU TILLIERES; ;;;
LACHETEAU 3;;44194;CLISSON CEDEX;02.40.36.66.00;;02.40.36.26.83;LACHETEA;;LACHETEAU LA SABLETTE; ;;;
LACLIE;;16100;COGNAC;05458268;;;LACLIE;;MAISON RENE LACLIE; ;;;
LACROIX;;30102;ALES CEDEX;04.66.83.10.61;06.17.81.54.61;04.66.52.74.49;LACROIX;;SARL LACROIX; ;;lacroix.vin@free.fr;
LAMBLIN;T2;89800;MALIGNY LES CHABLIS;03.86.98.22.00;;03.86.47.50.12;;;Maison Lamblin Fils; ;;;
LANDIRAS (CAVE);;67290;PETERSBACH;05.57.98.07.20;;05.56.62.97.77;LANDIRAS;;LES GRANDS CHAIS DE FRANCE; ;;;
LANDIRAS 1;;33720;LANDIRAS;05.57.98.07.20;;05.56.62.45.38;LANDIRAS;;LES GRANDS CHAIS DE FRANCE; ;;;
LANGGUTH ERBEN;;D56831;TRABEN-TRAUBACH;00.49.65.41.17.300;;00.49.65.41.22.95;LANGGUTH;;LANGGUTH ERBEN G.M.B.H ET CO; ;;;
LAVAU;T1;84110;SABLET;04 90 28 28 80;;04 90 28 28 89;;;SA LAVAU MOURET & Cie; ;;;
LAVAU M;;84340;ENTRECHAUX;;;;LAVAU M;;LAVAU MOURET; ;;;
LAVAU MOURET;;84150;VIOLES;04.90.70.98.72;;;LAVAU MO;;ETS LAVAU MOURET; ;;;
LE CELLIER;T2;89400;MIGENNES;03 86 92 64 88;;03 86 80 91 66;;;LE CELLIER; ;;;
LE CLOS DU RENARD;;BE6180;COURCELLES;;;;LE CLOS;;LE CLOS DU RENARD; ;;;
LE VIEUX PRESSOIR;;73000;CHAMBERY;04.79.62.38.80;;04.79.96.97.11;LE VIEUX;;LE VIEUX PRESSOIR; ;;;
LEON FAVRE;;74150;RUMILLY;;;;LEON FAV;;CAVES LEON FAVRE; ;;;
LEROUSSEAU;;52210;ARC EN BARROIS;03 25 02 51 01;;03 25 31 23 95;LEROUSSE;;LEROUSSEAU-EUVRAD; ;;;
LES 3 VOUTES;T2;71420;GENELARD;03.85.79.20.46;;03.85.79.24.89;;;*Sarl Les Trois Voûtes; ;;;
LES AGAPES;T2;89000;AUXERRE;03.86.52.15.22;;03 86 51 57 66;;;Les Agapes; ;;ragaine.marc@wanadoo.fr;
LES CATALANS (VIGNERONS);;66962;PERPIGNAN CEDEX 9;04.68.85.04.51;;04.68.55.25.62;LES CATA;;LES VIGNERONS CATALANS; ;;;
LES CELLIER DE GRAND LIEU;;44860;ST AIGNAN DE GRAND LIEU;02 40 26 49 44;;02 40 236 40 99;-LES CEL;;LES CELLIERS DE GRAND LIEU; ;;;
LES GRANDES SERRES;;84231;CHATEAUNEUF DU PAPE CEDEX;04.90.83.72.22;;04.90.83.78.77;LES GRAN;;LES GRANDES SERRES; ;;;
LES VIGNERONS DES GARRIGUES;;30000;NIMES;;;;LES VIGN;;LES VIGNERONS DES GARRIGUES; ;;;
LES VINS SKALLI;;11590;CUXAC D AUDE;;;;LES VINS;;LES VINS SKALLI; ;;;
LI YANG;;300381;VR.CHINA;0086 22 23939619;;0086 15522470239;LI YANG;;LI YANG; ;;;
LILLET;;33720;PODENSAC;;;;LILLET;;LILLET FRERES; ;;;
LOMAT;;30;MONS;;;;LOMAT;; GVS Chez ETS LOMAT; ;;;
LOUCHE;;;;;;;LOUCHE;;LOUCHE; ;;;
LOUIS DIST.2;;11700;AZILLE;04.68.78.10.19;;;LOUIS DI;;SARL LOUIS DISTRIBUTION CHEZ; ;;;
LOUIS DISTRIBUTION;;34500;BEZIERS;04 67 35 20 66;;04 67 62 33 97;LOUIS DI;;ETS LOUIS DISTRIBUTION; ;;;
LOUIS S/E;;11700;PUICHERIC;;;;LOUIS S/;;LOUIS DISTRIBUTION S/E; ;;;
LOUVET;;11100;NARBONNE;04.68.90.12.80;;04 68 65 00 18;LOUVET;;SARL AGENCE CLVD; ;;l.puech@gilleslouvet.com;
LOUVET 1;;30580;BROUZET LES ALES;;06.48.79.17.21;;LOUVET 1;;CLVD VIGNOBLES GILLES LOUVET; ;;pe.euzenne@gilleslouvet.com;
LOVIS;;71570;LA CHAPELLE DE GUINCHAY;;;;LOVIS;;GVS S/E CLOVIS; ;;;
LUNEAU;;44120;VERTOU;0240332352;;;LUNEAU;;PASCAL LUNEAU; ;;;
MAILLET SA;;83870;SIGNES;04.94.10.03.63;;04.94.10.03.64;MAILLET;;MAILLET SA; ;;;
MAISON ROUGE;;84370;BEDARRIDES;04.90.33.10.57;;04.90.12.69.05;MAISON R;;SARL MAISON ROUGE; ;;;
MARCON;;43290;ST BONNET LE FROID;;;;MARCON;;Ets Guy MARCON; ;;;
MARGIACCHI;;I-52100;AREZZO;39 05759007922;;;MARGIACC;;MARGIACCHI GIOVANI; ;;INFO@MARGIACCHI.EU;
MARRON;;07150;VALLON PONT D'ARC;04 75 37 14 67;;;MARRON;;LES VINS A. MARRON; ;;;
MARTENOT FRANCOIS;;21209;BEAUNE CEDEX;03.80.24.70.07;;03.80.24.94.08;MARTENOT;;ETS TRESCH CLERGET; ;;;
MARTIN;;84190;VACQUEYRAS;0490123333;;0490123334;MARTIN;;MARTIN VINS; ;;;
MAUREL VEDEAU;;34290;SERVIAN;04.67.39.21.20;;;MAUREL V;;ALLIANCE TERROIRS; ;;;
MAYARD;;;;;;;MAYARD;;MAYARD; ;;;
MAYER JOSEF ALLEMAGNE;;78315;RADOLFZELL;;;;MAYER JO;;ID VINERUM GMBH; ;;;
MEDITERRANEE (LES VIGNERONS);;11100;NARBONNE;04.68.42.75.00;;;MEDITERR;;*LES VIGNERONS DE LA MEDITERRANEE; ;;;
MEFFRE GABRIEL;;84190;GIGONDAS;04.90.12.32.32;;04.90.12.32.39;MEFFRE G;;GMDF; ;;SIREN 705 920 130 APE 513 J;
MENJUCQ (ETS);;11000;CARCASSONNE;04 68 25 05 80;04 68 25 20 55;04 68 25 01 46;MENJUCQ;;ETS MENJUCQ; ;;;
MERCADIS;;34070;MONTPELLIER;04.67.92.29.60;;04.67.92.06.13;MERCADIS;;TRANSVINS CHEZ MERCADIS; ;;;
MERTES KG;;54470;BERNKASTEL - KUES;;;;MERTES K;;PETER MERTES KG; ;;;
MIDI VINS;;63100;CLERMONT FERRAND;04.73.24.72.64;;;MIDI VIN;;Midi Vins; ;;;
MITSIU;;33000;BORDEAUX;;;;MITSIU;;S/E MITSIU; ;;;
MOILLARD GRIVOT;T1;21700;NUITS ST GEORGE;;;;;;MOILLARD-GRIVOT; ;;;
MOLIERE;T1;43000;LE PUY;04.71.09.30.72;;04.71.02.70.18;;;Ets Moliere; ;;;
MOMMESSIN;T1;69430;QUINCIE EN BEAUJOLAIS;04.74.69.09.30;;04.74.69.09.75;;;SA Mommessin; ;;;
MONDO DEL VINO;;47100;FORLI;00390543789911;;00390543789999;MONDO VI;;*M.G.M  MONDO DEL VINO  srl; ;;elisa.casadei@mgmmondodelvino.com;
MONDO DEL VINO1;;12040;PRIOCCA;00390173636304;;00390173616715;MONDO VI;;M.G.M  MONDO DEL VINO SRL; ;;gaetane.carron@mondodelvino.com;
MONDONY;;13200;ARLES;04 90 97 00 07;;04 90 97 00 97;;;Madame Régine MICHEL; ;;;
MONIER;T1;63870;ORCINES;04.73.62.12.04;;04.73.62.27.27;;;Vins Monier; ;;;
MONTAUD SUS.;;34160;SUSSARGUES;;;;MONTAUD;;MONTAUC cave coop; ;;;
MONTFRIN;;30490;MONTFRIN;04.66.57.53.63;;04.66.57.55.50;MONTFRIN;;SCA CAVE COOP INTERCOMMUNALE; ;;;
MOREAU;T1;89800;CHABLIS;03.86.42.88.00;03.86.42.88.03;03.86.42.88.08;;;Ets Moreau et Fils; ;;;
MORRISON;;BD3 7DL;BRADFORD;004408456115736;;;MORRISON;;WN MORRISON SUPERMARKETS; ;;;
MOULEZAN;;30350;MOULEZAN;04.66.77.81.02;;;MOULEZAN;;LES COTEAUX DE LA COURME; ;;;
MOURIER;;42410;CHAVANAY;;;;MOURIER;;VINS MICHEL MOURIER; ;;;
MUDAISON CEPAGE DE MEDITERRANE;;34130;MUDAISON;04.67.88.05.38;;04.67.88.02.23;MUDAISON;;CEPAGE DE MEDITERRANEE; ;;cepage.medit@libertysurf.fr;
MYLE;;30620;AUBORD;04.66.71.12.48;06.22.29.46.28;04.66.71.31.24;MARGAROT;;SARL MYLE; ;;;
NUGET NAVEAU;T1;18600;NEUILLY EN DUN;02 48 74 54 41;;02.48.74.69.64;;;Ets Nuget Naveau; ;;;
OCCITANIE;;34600;FAUGERES;;;;OCCITANI;;TERROIRS OCCITANIE; ;;;
OENOALLIANCE;;33750;BEYCHAC ET CAILLAU;05.57.97.39.73;;05.57.97.39.74;OENOALLI;;OENOALLIANCE; ;;SIRET 45620374400044;
OGIER CAVES DES PAPES;;84232;CHATEAUNEUF DU PAPE;04.90.39.32.32;;04.90.83.72.51;OGIER CA;;*OGIER CAVES DES PAPES; ;;;
OGIER SORGUES;;84700;SORGUES;;;;OGIER SO;;OGIER CAVE DES PAPES; ;;;
ORIGIN WINE;;OX16 9UX;BANBURY;01295221340;;;ORIGIN W;;ORIGIN WINE Ldt; ;;;
PAPUT BOISSONS;T1;42300;ROANNE;04.77.68.24.95;;04.77.70.97.81;;;Paput Boissons S.A.S; ;;dpaput@paputboissons.fr;
PARDON;T1;69430;BEAUJEU;04.74.04.86.97;06.77.99.87.79;04.74.69.24.08;;;PARDON ET FILS SARL; ;;;
PARTHIOT;T2;58230;ALLIGNY EN MORVAN;03.86.76.14.63;;03.86.76.14.66;;;Ets Parthiot; ;;cave.parthiot.jp@orange.fr;
PASQUETTO;;;;;;;PASQUETT;;PASQUETTO; ;;;
PASQUIER 1;;67290;PETERSBACH;;;;PASQUIER;;PASQUIER DESVIGNES; ;;;
PASQUIER DESVIGNES;;71570;ROMANECHE THORINS;03.85.35.26.18;06.24.76.26.72;03.85.35.26.17;PASQUIER;;SAS PASQUIER DESVIGNES; ;;sravier@pasquierdesvignes.fr;
PASSERIEUX;;;;;;;PASSERIE;;PASSERIEUX-VERGNES; ;;;
PEGUET;;69400;LIERGUES;04.74.02.56.85;;04.74.02.50.68;PEGUET;;JB VINS S/E MAISON PEGUET; ;;;
PENLOIS;;69220;LANCIE;;;;PENLOIS;;SARL LES VINS DU PENLOIS; ;;;
PERRET;;73170;BILLIEME;04.79.36.83.54;;04.79.36.79.53;PERRET;;PERRET SA; ;;;
PERRIER;T1;73800;LES MARCHES;04.79.28.11.45;;04.79.28.09.91;;;Maison Perrier et Fils; ;;;
PERRIN ET FILS;;84100;ORANGE;04.90.11.12.00;;04.90.11.12.19;PERRIN E;;PERRIN ET FILS SA; ;;;
PERRUFFEL;T1;63220;BEURIERES;04.73.95.03.80;;;;;Ets Perruffel; ;;;
PETER IGEL;;M2J 5B5;TORONTO ON M2J 5B5;0014 164 938 800;;0014 164 933 672;PETER IG;;PETER IGEL; ;;vhanna@peterigel.com;
PETIT ST ANDRE;;30800;ST GILLES;04.66.87.30.27;06.09.33.38.83;;PETIT ST;;EARL ST ANDRE; ;;;
PEYCELON;T1;42330;SAINT GALMIER;04.77.54.12.09;06.07.87.15.39;04.77.54.17.20;;;ETS PEYCELON; ;;;
PEYVEL;T1;43110;AUREC SUR LOIRE;04.77.35.43.01;;0477.35.38.08;;;Sarl Peyvel; ;;;
PHILIPPE BONNET;;;;0618994068;;;PHILIPPE;;PHILIPPE BONNET; ;;;
PIMONT;T1;71960;LA ROCHE VINEUSE;03 85 37 71 05;0610756050;03 85 37 79 25;PIMONT;;ETS PIMONT; ;;contact@vins-pimont.com;
PIOTEYRY;T1;42480;LA FOUILLOUSE;04.77.30.10.26;06.60.70.14.47;04 77 30 20 55;;;Ets Pioteyry; ;;;
POMPIGNAN;;30170;POMPIGNAN;04.66.77.21.85;;04.66.77.02.04;POMPIGNA;;CAVE COOP POMPIGNAN; ;;;
PONTI;;28074;GHEMME  (NO);00390163844111;;;PONTI;;PONTI spa; ;;;
PREAU;T1;34203;SETE CEDEX;04.67.18.60.00;;04.67.18.96.96;PREAU;;PREAU SA; ;;epreau@wanadoo.fr;
PROVENCE A.J.Y;;13630;EYRAGUES;;;;PROVENCE;;PROVENCE A.J.Y; ;;;
PUILACHER;;34230;PUILACHER;04.67.96.72.36;;04.67.88.75.54;PUILACHER;;SCA CLOCHERS ET TERROIRS; ;;;
QUINTY;;63380;POMTAUMUR;04.73.79.90.14;;;QUINTY;;ETS QUINTY; ;;;
QWI FRANCE;;11800;RUSTIQUE;04.68.78.99.52;;09.81.40.73.58;QWI FRAN;;QWI FRANCE; ;;;
QWI1;;11205;LEZIGNAN CORDIERES CEDEX;;;;QWI1;;QWI S/E FR CONDITIONNEMENT; ;;;
RAILH;;24230;TRAVEL;;;;RAILH;;; ;;;
RAOUX PHILIPPE;;33460;ARSAC;05.56.39.71.75;;05.56.39.03.67;RAOUX PH;;ETS PHILIPPE RAOUX SAS; ;;;
RAPHAEL MICHEL;;84420;PIOLENC CEDEX;04.90.34.06.07;;04.90.34.79.85;RAPHAEL;;ETS RAPHAEL MICHEL; ;;www.raphael-miche.com;
REGUSSE;;04860;PIERREVERT;04.92.72.30.44;;04.92.72.69.08;REGUSSE;;SARL CAVE ET VIGNOBLE DE REGUSSE; ;;;
RENE LACLIE;;17400;SAINT JEAN D'ANGELY;+33 (0) 546 262 500;;+33 (0) 546 330 474;RENE LAC;;MAISON RENE LACLIE SAS; ;;;
RHODANIENNE;;30210;CASTILLON DU GARD;;;;RHODANIE;;FROMONT S/E CIE RHODANIENNE; ;;;
RHONE TERROIR;;26790;TULETTE;04.75.96.20.00;;04.75.97.33.41;RHONE TE;;SAS RHONE TERROIR; ;;;
RIBOT;;23130;PEYRAT LA NONIERRE;05 55 62 37 36;;05 55 62 21 67;RIBOT;;ETS RIBOT; ;;;
RICHARDVINS;;55100;VERDUN;03.29.83.40.00;;03.29.83.40.00;RICHARDV;;RICHARDVINS; ;;;
RICHEMER HENRI;;34340;MARSEILLAN;04.67.77.20.16;;04.67.77.62.50;RICHEMER;;LES CAVES HENRI RICHEMER; ;;;
ROBERT VIC;;34450;VIAS;04.67.21.67.82;;04.67.21.76.46;ROBERT V;;LES DOMAINES ROBERT VIC; ;;;
ROBERT VIC 1;;34200;SETE;04.67.74.88.80;06.81.13.11.07;;ROBERT V;;LES DOMAINES ROBERT VIC S/E BIRON SA; ;;SOLANGE;
ROSE;;81600;MONTANS;05.63.57.67.36;;05.63.41.77.74;ROSE;;SARL ROSE; ;;sarl.rose81@orange.fr;
ROUCHON SOUCHON;T1;42150;LA RICAMARIE;04 77 35 00 20;;04 77 81 34 80;ROUCHON;;S.A.S ROUCHON SOUCHON; ;;;
ROUSSEL  ET FILS;;80090;AMIENS;03.22.91.66.62;;;ROUSSEL;;ETS ROUSSEL ET FILS VINS; ;;;
ROUVIER;;30134;PONT ST ESPRIT;0466391221;;;ROUVIER;;ROUVIER ET FILS; ;;;
ROUX;;21190;ST AUBIN;03.80.21.32.92;03.80.21.35.00;;ROUX;;SA ROUX PERE ET FILS; ;;;
ROUX S/E;;21200;BEAUNE;;;;ROUX S/E;;S/E MAG STOKAGE; ;;;
ROZEILHAN;;34290;VALROS;04.67.39.07.39;;04.67.39.08.95;ROZEILHA;;LES VIGNERONS DE ROZEILHAN; ;;;
S.V.B;;84231;CHATEAUNEUF DU PAPE;04 90 33 20 93;;04 90 33 25 73;S.V.B;;SELECTION VINS BOUTEILLES; ;;;
S.V.B/SE TRANSVINS;;84231;CHATEAUNEUF DU PAPE;;;;S.V.B/SE;;SVB/ SE TRANSVINS; ;;;
SAMSON;;41700;CONTRES;02.54.74.21.11;;02.54.74.21.11;SAMSON;;WSF INTERNATIONAL CLAUDE SAMSON; ;;wsf.csamson@orange.fr;
SAS V3T;;34620;PUISSERGUIER;;;;SAS V3T;;SAS V3T; ;;;
SAUTEJEU;;44330;LE PALLET;02.40.06.73.83;;02 40 06 76 49;SAUTEJEU;;Sa MARCEL SAUTEJEU; ;;;
SAUVION;;44194;VALLET CEDEX;02.40.36.22.55;;02.40.36.34.62;SAUVION;;MAISON SAUVION; ;;;
SAVAS;;33300;BORDEAUX;05.56.92.62.96;;05.56.94.64.98;SAVAS;;SAVAS SA; ;;savas@savas-sa.fr;
SAVAS 1;;33390;BLAYE;;;;SAVAS 1;;SAVAS S/E VINISERVICES; ;;;
SDVA ROGER FREDERIC;;11205;LEZIGNAN CORBIERES CEDEX;04.68.27.84.50;;04.68.27.84.51;SDVA ROG;;SDVA VIGNOBLES; ;;;
SELLES;;69220;BELLEVILLE;04.74.06.46.00;;04.74.06.46.09;SELLES;;CASTEL FRERES; ;;;
SHENZEN JIUWEIHANG;;518048;SHENZEN;;;;SHENZEN;;SHENZEN JIUWEIHANG COMMERCIAL; ;;;
SIGNES DE TERRES;;33500;LIBOURNE;06.74.00.96.21;09.52.87.04.41;05.57.25.73.11;SIGNES D;;SIGNES DE TERRES; ;;;
SILBA;;89600;ST FLORENTIN;03.86.35.32.02;;;SILBA;;CAVE DE SILBA; ;;lacavesilba@orange.fr;
SKALLI;T1;34204;SETE CEDEX;04.67.43.03.03;04.67.80.90.90;04.67.80.12.30;SKALLI;;*LES VINS SKALLI; ;;www.skalli.com;
SKALLI 1;;84230;CHATEAUNEUF DU PAPE;;;;SKALLI 1;;LES VINS SKALLI; ;;;
SKALLI AUBIAN;;11590;CUXAC D' AUDE;;;;SKALLI A;;LES VINS SKALLI; ;;;
SKALLI SAUVIAN;;34410;SAUVIAN;04.67.32.13.51;;;SKALLI;;LES VINS SKALLI; ;;;
SLCB;T1;71800;LA CLAYETTE;03.85.28.92.24;;03.85.28.28.97;;;COMPAGNIE VINICOLE DE BOURGOGNE (C.V.B.); ;;;
SO WINES DISTRIBUTION;;34530;MONTAGNAC;06.73.55.06.09;;;SO WINES;;SO WINES DISTRIBUTION; ;;;
SO WINES DISTRIBUTION 2;;34800;ASPIRAN;;;;SO WINES;;SO WINES DISTRIBUTION; ;;;
SOBEMAB;;71000;CHANES;03.85.36.58.00;;;SOBEMAB;;ETS BADET/ SE SOBEMAB; ;;;
SOGIM;;97861;SAINT PAUL REUNION;02.62.45.45.15;;02.62.22.63.02;SOGIM;;SOGIM SAS; ;;;
SOLEYRADE;;84830;SERIGNAN DU COMTAT;04.90.70.07.79;;;SOLEYRAD;;DOMAINE SOLEYRADE; ;;;
SOMMIERES COOP;;30250;SOMMIERES;04.66.80.03.31;;04.66.80.01.23;SOMMIERE;;LES VIGNERONS DU SOMMIEROIS; ;;;
SORGUES;;84700;SORGUES;04.90.39.78.05;;;SORGUES;;LES VINS SKALLI; ;;patricia.toye@skalli.com;
SOUBERGUES;;34230;SAINT PARGOIRE;04.67.98.70.15;;04.67.98.78.33;SOUBERGU;;LES VIGNERONS DES SOUBERGUES; ;;;
ST ARNOULT;;62503;ST OMER;03.21.38.68.68;;03.21.38.68.77;ST ARNOU;;LES CAVES ST ARNOULT; ;;;
ST AURIOL;;11200;LEZIGNAN CORBIERES;;;;ST AURIO;;ST AURIOL SA; ;;;
ST CHINIAN;;34360;ST CHINIAN;04.67.38.28.40;;04.67.38.28.49;ST CHINI;;EURL LES VIGNERONS DE ST CHINIAN; ;;;
ST GENIES;;34160;ST GENIES DES MOURGUES;04 67 86 21 99;;;;;CAVE COOPERATIVE; ;;;
ST GENIES DE MALGOIRES;;30190;ST GENIES DE MALGOIRES;04.66.81.62.01;;04.66.81.63.21;ST GENIE;;LES VIGNERONS DU MALGOIRES; ;;;
ST GERVAIS;;30200;ST GERVAIS;04.66.82.77.05;;;ST GERVA;;Cave cooperative; ;;;
ST MARTIN DE LONDRES;;34380;ST MARTIN DE LONDRES;;;;ST MARTI;;CAVE COOP DE ST MARTIN DE LONDRES; ;;;
ST MATHIEU DE TREVIERS;;34270;ST MATHIEU DE TREVIERS;;;;ST MATHI;;LES COTEAUX DU PIC; ;;;
ST VICTOR;;30290;ST VICTOR DE LA COSTE;;;;ST VICTO;;SCA VICTOR CONTIS; ;;;
STE OGIER SORGUES;;84700;SORGUES;04.90.39.32.00;;04.90.39.15.45;STE OGIE;;SOCIETE OGIER ET FILS; ;;;
STE VINICOLE DU TOULOIS;;54200;BRULEY;03.83.43.11.04;;03.83.43.36.92;STE VINI;;STE VINICOLE DU TOULOIS; ;;;
SVE;;16130;GENSAC LA PALLUE;;;;SVE;;SVE; ;;;
TAVEL;;30126;TAVEL;04.66.50.03.57;;;TAVEL;;LES VIGNERONS DE TAVEL; ;;;
TEMPLIERS;;84600;RICHERENCHES;04.90.28.01.00;;04.90.28.02.47;TEMPLIER;;CELLIER DES TEMPLIERS; ;;;
TERRA GALLO;;81600;MONTANS;06.08.31.77.31;;;TERRA GA;;TERRA DEL GALLO SARL; ;;;
TERRES AVIGNON;;84470;CHATEAUNEUF DE GADAGNE;;;;TERRES A;;SCEA TERRES D'AVIGNON; ;;;
TERROIRS  DU SUD;;34560;POUSSAN;04 67 18 13 10;;04 67 51 41 68;TERROIRS;;TERROIRS DU SUD; ;;;
TETE NOIRE;;13340;ROGNAC;0442870007;;0442871312;TETE NOI;;LA TETE NOIRE; ;;;
TETE NOIRE 1;;13651;SALON DE PROVENCE;04.90.53.22.42;;04.90.53.60.43;TETE NOI;;TETE NOIRE; ;;;
THEVENIN SARL;;21200;BEAUNE;03 80 25 9130;;03 80 25 9129;THEVENIN;;PAUL THEVENIN SARL; ;;;
TIANJIN;;300191;P.R. CHINA;;;;TIANJIN;;TIANJIN GUANG TONG YONG LE INTERNATIONAL; ;;;
TONNERRE;T2;89700;TONNERRE;03.86.55.08.51;;03.86.55.11.40;;;TONNERRE CAVE; ;;tonnerre.cave@orange.fr;
TRANSVINS S/E ESV;;84700;SORGUES;;;;TRANSVIN;;TRANSVINS; ;;;
TRESCH;;68313;ILLZACH CEDEX;03 89 61 58 25;;03.89.61.94.05;TRESCH;;TRESCH CLERGET SAS; ;;contacts@tresch.fr/www.tresch.fr;
TRESCH 1;;21200;BEAUNE;03.80.26.37.37;;03.80.24.14.81;TRESCH 1;;SAS TRESCH CLERGET; ;;;
TRESCH 2;;30210;CASTILLON DU GARD;;;;TRESCH 2;;MARTENOT/S/E CIE RHODANIENNE; ;;;
TRILLES;;34370;MAUREILHAN;04.67.35.57.00;;04.67.90.55.81;TRILLES;;SA TRILLES; ;;;
TUCHAN;;11350;TUCHAN;04.68.45.41.08;;04.68.45.45.29;TUCHAN;;SICA CAVE DU MONT TAUCH; ;;;
TURRICCHIA;;48010;BAGNARA DI ROMAGNA;00390542640133;;;TURRICCH;;TURRICCHIA VINI SRL - BAGNA; ;;giovanna.gottarelli@turricchiavini.it;
TURRICCHIA 1;;40026;IMOLA BO;;;;TURRICCH;;TURRICCHIA VINI SRL; ;;;
U.I.S;;34500;BEZIERS;;;;U.I.S;;C.V.B S/E  U.I.S; ;;;
UCA DES GARRIGUES;;30900;NIMES;04.66.68.91.11;;04.66.62.38.07;UCA DES;;UCA Les Vignerons des Garrigues; ;;;
UCCOAR SA;;11880;CARCASSONNE CEDEX 9;04.68.11.51.51;;04.68.11.51.75;UCCOAR S;;*Groupe UCCOAR S.A; ;;;
UDM;;30600;VAUVERT;;;;UDM;;U.D.M; ;;;
UNITS;;E16 4SP;CANNING TOWN;44 7841 311869;;;UNITS;;UNITS 6 & 7; ;;;
UNIVERS DU VIN;T2;10410;ST PARRES AUX TESTRES;03.25.46.08.26;;;;;L'Univers du Vin; ;;;
UVICA;;07120;RUOMS;0475399800;;;UVICA;;UVICA; ;;;
UZEGE;;30700;ST QUENTIN LA POTERIE;04.66.03.23.00;;04.66.03.23.01;UZEGE;;LES CAVES DE L'UZEGE; ;;;
VALADIER PASCAL;;84850;TRAVAILLAN;04.90.37.71.73;06.20.91.70.91;04.90.37.78.35;VALADIER;;EARL LE VIEUX TRAVAILLAN; ;;;
VALLAT;;34150;MONTPEYROUX;04.67.96.64.06;06.25.17.38.51;04.67.96.67.63;VALLAT;;VIGNOBLES VALLAT; ;;;
VALLEY;;84230;CHATEAUNEUF DU PAPE;06.82.20.95.75;04.90.83.73.46;04.90.83.73.46;VALLEY;;FRANCE-RHONE VALLEY; ;;;
VALREAS;;84602;VALREAS CEDEX;04.90.35.00.66;;04.90.35.11.38;VALREAS;;CAVE COOP LA GAILLARDE; ;;;
VALREAS1;;84602;VALREAS CEDEX;;;;VALREAS1;;CAVEAU ST JEAN; ;;;
VEDOVATO MARIO;;35010;TREBASELEGHE (PD);00390495796432;;00390495796716;VEDOVATO;;VINICOLA VEDOVATO MARIO SRL; ;;;
VENDEMIAN;;34230;VENDEMIAN;;;;;;Cave Coopérative Vinicole; ;;;
VERS PONT DU GARD;;30210;VERS PONT DU GARD;06.09.33.49.29;;;VERS PON;;ETS JUSTAMON; ;;;
VEYRAT;T1;74240;GAILLARD;04.50.39.72.72;;04.50.39.75.78;;;Sarl Veyrat; ;;;
VIAL;;;;;;;VIAL;;VIAL; ;;;
VIGNOBLES DE LA COTERIE;;84190;BEAUMES DE VENISE;0490124102;;0490650980;VIGNOBLE;;VIGNOBLES DE LA COTERIE; ;;;
VIGNOBLES DU SOLEIL;;34660;COURNONSEC;04.67.22.22.02;;04.67.22.22.03;VIGNOBLE;;LES VIGNOBLES DU SOLEIL; ;;;
VIGNOBLES DU SOLEIL 1;;11590;CUXAC D'AUDE;;;;VIGNOBLE;;VIGNOBLES DU SOLEIL; ;;;
VILLEVIEILLE;;30250;VILLEVIEILLE;04.66.80.02.90;;;;;Les vignerons de Villevieille; ;;;
VINACTION;;34170;CASTELNAU LE LEZ;04.67.99.39.90;06.07.74.87.70;04.67.99.39.91;VINACTIO;;SARL VINACTION; ;;philippebrouillet@wanadoo.fr;
VINDIVIN;;11100;BAGES;04.68.42.84.73;;04.68.93.52.16;VINDIVIN;;SOCIETE VINDIVIN; ;;;
VINDIVIN 1;;34440;NISSAN LEZ ENSERUNES;04.68.42.84.73;;;VINDIVIN;;VINDIVIN; ;;;
VINI MELONI;T2;09047;SELARGIUS (CA);;;;;;Vini Meloni; ;;;
VINI POLE;;;;;;;VINI POL;;VINI POLE; ;;;
VINI SELECTION;;84850;CAMARET SUR AIGUES;04.90.37.22.41;;04.90.37.74.55;VINI SEL;;VINI SELECTION; ;;;
VINICOLE DE TOURAINE;T1;41700;COUR CHEVERNY;02.54.79.97.08;0630910898;02.54.79.25.48;;;VINICOLE DE TOURAINE; ;;l.teissier@wanadoo.fr;
VINO-TEC;;34480;LAURENS;04.67.90.27.46;06.16.77.61.17;04.67.90.29.01;VINO-TEC;;VINO-TEC; ;;f.pujol@vinotec.fr;
VINOBAG;T1;34700;ST JEAN DE LA BLAQUIERE;04.67.44.70.53;;04.67.44.75.06;;;VINOBAG S.A; ;;;
VINUNIMPORT;;7100;LA LOUVIERE;0032475367229;;;VINUNIMP;;SOCIETE VINUNIMPORT; ;;;
VISAN;;84820;VISAN;04.90.28.50.80;;;VISAN;;CAVE LES COTEAUX DE VISAN; ;;;
VIVARAISES;;07200;ST ETIENNE DE FONTBELLON;0475351758;;;VIVARAIS;;LES CAVES VIVARAISES; ;;;
VMV;;;;;;;VMV;;VMV ASIA; ;;;
WANG PENG;;116001;CHINE;0086 13998636796;;;WANG PEN;;WANG PENG; ;;;
WANG WEIPING;;610031;CHENGDU CHINE;0086 13980993797;;;WANG WEI;;WANG WEIPING; ;;;
WANG YUQI;;610031;CHENGDU CHINE;;;;WANG YUQ;;WANG YUQI; ;;;
WEINKELLEREI;;D-55278;HAHNHEIM;;;;WEINKELL;;WEINKELLEREI DEUTSCH GMBH; ;;;
WELETER WEINKELLEREI;;D55270;ENGELSTADT;;;;WELETER;;O.WELETER WEINKELLEREI WEIKOMMISSION; ;;;
YANJING CELLAR LIMITED;;N.T;HONG KONG;852 2367 3638;;;YANJING;;YANJING CELLAR LIMITED; ;;;
YVON MAU;;33190;GIRONDE SUR DROPT;05.56.61.54.54;;;YVON MAU;;ETS MAU YVON; ;;;
ZENZEN;;D56759;KAISERSESCH;00.49.02.65.39.90.70;;00.49.02.65.39.90.75;ZENZEN;;EINIG-ZENZEN GMBH ET CO. KG; ;;tgeyer@eizen.de;
